Model,Risk_MSE,Risk_Spearman
TransformedGaussian_Ridge,0.08894927054643631,-0.007538178672483702
Bounded_MLP,0.11007852107286453,0.025293007838094624
