HeldOutRegion,N_train,N_validation,N_test,TrainPairs,ValidationPairs,TestPairs,NDCG_full,NDCG_at_10_percent,Precision_at_10,Precision_at_10_percent,Spearman,KendallTau,PairwiseAccuracy,Risk_MSE,Risk_NLL,MeanSigma,Demand_MSE,SSI
Americas,2412,602,1986,36180,6020,8000,0.9348016194383042,0.6274917798765617,0.0,0.1306532663316583,0.007756503528127334,0.005118600584684962,0.498125,0.08374596387147903,-0.3566451966762543,0.6299095153808594,0.08694413304328918,0.18151838965936712
Asia_Oceania,2628,657,1715,39420,6570,8000,0.9213098499921593,0.5535586235508146,0.0,0.0755813953488372,-0.01649802740608365,-0.011120340293225667,0.494375,0.08697964996099472,-0.36039772629737854,0.6236135959625244,0.08645056933164597,0.15563898462453354
Europe_Africa,2980,721,1299,40000,7210,8000,0.9228626992980722,0.5717032484213037,0.0,0.11538461538461539,0.03460151798642177,0.023366932977655595,0.50075,0.08451785892248154,-0.32999271154403687,0.6506338119506836,0.08695821464061737,0.19741375299399372
