RiskWeight,DemandWeight,TrainPairs,ValidationPairs,TestPairs,NDCG_full,NDCG_at_10_percent,Precision_at_10,Precision_at_10_percent,Spearman,KendallTau,PairwiseAccuracy,Risk_MSE,Risk_NLL,MeanSigma,Demand_MSE,SSI
0.4,0.6,100000,20000,20000,0.9247687618606587,0.5946422090793326,0.0,0.0891089108910891,0.018318549478328425,0.012459098579797783,0.5081,0.08492155373096466,-0.7280527353286743,0.28821033239364624,0.08632732927799225,0.17510296777245052
0.5,0.5,100000,20000,20000,0.9208667777387403,0.595038127063677,0.0,0.10891089108910891,0.01567051871792241,0.00996581757243621,0.51165,0.08512808382511139,-0.3507991433143616,0.6331978440284729,0.08689569681882858,0.13254308282993785
0.6,0.4,100000,20000,20000,0.9192123518609019,0.5910642550386228,0.0,0.07920792079207921,0.036712640628087205,0.024750170486813692,0.515,0.08490462601184845,-0.7210132479667664,0.2942374646663666,0.08612799644470215,0.15067774253641295
0.7,0.30000000000000004,100000,20000,20000,0.9183373568036701,0.5825739404235145,0.0,0.0891089108910891,0.0294227088871389,0.019740233026280318,0.5107,0.08712521195411682,-0.387725293636322,0.6016018390655518,0.0862337276339531,0.21510071863218078
0.8,0.19999999999999996,100000,20000,20000,0.9051070055310462,0.5403382656274724,0.0,0.1188118811881188,0.008006147412927352,0.005570451281517139,0.5085,0.08533865958452225,-0.5972974300384521,0.4419078528881073,0.08629252016544342,0.13016751477744418
